[{"model": "auth.user", "pk": 1, "fields": {"password": "pbkdf2_sha256$720000$MPgaKpdg6ZsMzRe7XTqIwQ$meQ8LrG/bjIXW/CH5wNFGZo/5r73oqBthMlYAsPOcSE=", "last_login": "2025-07-18T06:50:14.283Z", "is_superuser": true, "username": "admin", "first_name": "Gilbert", "last_name": "Antwi", "email": "antwigilbert12345@gmail.com", "is_staff": true, "is_active": true, "date_joined": "2024-12-26T11:14:43Z", "groups": [], "user_permissions": []}}, {"model": "auth.user", "pk": 9, "fields": {"password": "pbkdf2_sha256$870000$gWFmJFZ6VysM8s0AbUzvj7$rdw/7gLzoecQKfd/N7jItAZa0uph/pycF5ZEEtP4yxU=", "last_login": "2024-12-30T11:28:47.697Z", "is_superuser": false, "username": "Yeshua", "first_name": "Jesus", "last_name": "Christ", "email": "jesuschrist@gmail.com", "is_staff": false, "is_active": true, "date_joined": "2024-12-30T11:28:44.237Z", "groups": [], "user_permissions": []}}, {"model": "auth.user", "pk": 12, "fields": {"password": "pbkdf2_sha256$870000$IeXTu5W6Jw6YwvMqn5KN8L$MiBT/HxRmyNXaWuM4g3WkQbJgfeE79lus/l72CAim9g=", "last_login": "2025-01-02T14:09:47.231Z", "is_superuser": false, "username": "eben", "first_name": "Ebenezer", "last_name": "Antwi", "email": "glory@gmail.com", "is_staff": false, "is_active": true, "date_joined": "2024-12-31T17:10:51.437Z", "groups": [], "user_permissions": []}}, {"model": "auth.user", "pk": 13, "fields": {"password": "pbkdf2_sha256$870000$9myapKQIu49Y1HpdYcob6a$wEQpeiIJwozgrldcg7xePivUmtN0aqUOJ7iIgQtTCAY=", "last_login": "2024-12-31T17:13:52.417Z", "is_superuser": false, "username": "love", "first_name": "Loveledge", "last_name": "Antwi", "email": "love@gmail.com", "is_staff": false, "is_active": true, "date_joined": "2024-12-31T17:13:46.407Z", "groups": [], "user_permissions": []}}, {"model": "sessions.session", "pk": "00besl18byx195orxyjp7bl7js0nfjow", "fields": {"session_data": ".eJxVjEEOgyAQRe8y64Yo0AFddt8zEGCGam0gEV00xru3Jm7c_vfe36ByrWPJbuIv9Bto6NV-A-fXZXBr5dmNBD20cNmCjxPnA9Db51cRseRlHoM4FHHSKp6F-PM43cvB4Ovwr00nldQp6NAmRk1IhpJElVRoJRq2hIyxQbaGO4xIwXifmmDuNnbaKth_FrE_Vg:1tVpkj:cx8Wvx4UdeUr6mPBqv2vlO3nhspC4SyCc-wih4zEUZs", "expire_date": "2025-01-23T10:27:01.409Z"}}, {"model": "sessions.session", "pk": "0jmbqbrqewf0spz1vm07w60fn4j0n4m4", "fields": {"session_data": "eyJzZXNzaW9uX2tleSI6eyIyIjozLCIzIjo0fX0:1tRQ0M:xDhAx0LAzzx3HEKvsC4L9-lg458RcY-WTJZfKFrGiDI", "expire_date": "2025-01-11T06:08:54.347Z"}}, {"model": "sessions.session", "pk": "1os33itp806zc13k54ciog70o1xvkn6e", "fields": {"session_data": ".eJxVjEEOgyAQRe_CuiEKdECX3fcMhGGGam0gEV00xru3Jm7c_vfe30TlWseS_cRf0W_7TfiwLoNfK89-JNGLVlw2DHHifAB6h_wqMpa8zCPKQ5EnrfJZiD-P070cDKEO_9p2SiuT0GCbGAwBWUoKdNLYKrDsCBhiA-wsdxCB0IaQGrR3FzvjtNh_W5o-cQ:1uNWDV:1AB4aUMJN-wc8fisna6ZbeF9S-yEefNM699wVp6J3dU", "expire_date": "2025-06-20T12:30:37.943Z"}}, {"model": "sessions.session", "pk": "2itl8g33ab019aqksq6djsbynb0tg7hb", "fields": {"session_data": "eyJzZXNzaW9uX2tleSI6eyIxIjo0LCIyIjo0LCIzIjozfX0:1tRPAl:43fyQ63IYsRk5HpxkW-FG6bdaYnW99UZxupifQ-eXVQ", "expire_date": "2025-01-11T05:15:35.705Z"}}, {"model": "sessions.session", "pk": "5m3j2zukjvdsct9jrv7w2l9lejp4bcrp", "fields": {"session_data": "eyJzZXNzaW9uX2tleSI6eyIxIjozLCIzIjo1LCI0Ijo0LCI2IjozLCI1IjozfX0:1tRPaZ:O_rgthZGji_QnS5Ph_pmYwV5TlVK9aS6GSuanAFD_Aw", "expire_date": "2025-01-11T05:42:15.725Z"}}, {"model": "sessions.session", "pk": "6wej54fg5uy8d4ej3tq2tv29a25cpfve", "fields": {"session_data": "eyJzZXNzaW9uX2tleSI6eyIxIjozLCIyIjo1fX0:1tRYRR:eKVt1rBbgurAjTIRwpn1xfOWFfy4DEjp6hmkBy4QhVo", "expire_date": "2025-01-11T15:09:25.401Z"}}, {"model": "sessions.session", "pk": "7f1na91l3q1bwu6dt9mxuvubnm9jl92f", "fields": {"session_data": "eyJzZXNzaW9uX2tleSI6eyIzIjoyLCI2Ijo0fX0:1tROvM:zcOhWMaVJYPYE2uyX2T24Ahle1sQwzk6PAnCgteh81g", "expire_date": "2025-01-11T04:59:40.877Z"}}, {"model": "sessions.session", "pk": "8c44l2eb6o1hagxgpg1gborl77w25v4o", "fields": {"session_data": ".eJxVjEEOgyAQRe_CuiEKdECX3fcMhGGGam0gEV00xru3Jm7c_vfe30TlWseS_cRf0W_7TfiwLoNfK89-JNGLVlw2DHHifAB6h_wqMpa8zCPKQ5EnrfJZiD-P070cDKEO_9p2SiuT0GCbGAwBWUoKdNLYKrDsCBhiA-wsdxCB0IaQGrR3FzvjtNh_W5o-cQ:1uNVzL:XE393JJmorfeu5ujhcYviKCwppLXxKPkebRYG17cJRs", "expire_date": "2025-06-20T12:15:59.288Z"}}, {"model": "sessions.session", "pk": "9asv2axwr5z1ac1b013jxyrqm5qa9okh", "fields": {"session_data": ".eJyrVipOLS7OzM-Lz06tVLKqVjICEQVFmcmpSlZKFpaWepaWSrU6SsbIwqYwUTNkUWNTsGhtLQA7BxhP:1tROYu:U5ED1NtZcjVQ9m_JSkiy61witks5UvIQ8QH-4cVPNoI", "expire_date": "2025-01-11T04:36:28.710Z"}}, {"model": "sessions.session", "pk": "bvcuwqneu0ffstiulwt11nrxu7escrls", "fields": {"session_data": "eyJzZXNzaW9uX2tleSI6eyIzIjozLCIyIjozLCI0Ijo1fX0:1tRXjl:zLLGpMfh5mqYWWJKbA5Y66ESyR4FmNkgaAE6RpU_obc", "expire_date": "2025-01-11T14:24:17.805Z"}}, {"model": "sessions.session", "pk": "fd5lpnb8yhz79lnqhvxwe4vsuvi99i6b", "fields": {"session_data": ".eJxtkV1PwjAUhv-K2bUh7KsbXgkJYiSYqDfGm-W0PWNlW4ttJwLhv3ummIzoXXOep-_bj2NQQOeronNoCyWDmyAMroczDqJG3QO5Ab02I2G0t4qPemV0pm60MhKb2dm9CKjAVbQ7m0RxlJQ84WGJLJFMZrKMWFzGPIxYhrlkyMSYYZ7hhAkmeQZQjnmW5mKS5DGFtvvCVWq7VXod3BwD4WzZKikb3IFFb6iaevaGp59ZKt3dbJq-56sVS3T3liBuloePuUyfdsvnx009ebVGPDzVzy8Vb9PPx30dH5wRcks9vyVF2TVNoaFFyl2ohqP1V1Ptd2ooYQuqIQF6sP6xwihO0tt1T-i92qEOUlp0LqQdc7C--odFxO4RPug-AyiU3xOYCmFhOHce_PcBLdLCXv0RDmor6HdIuYgzHf1jn7ioQENwIkbdyuiiRhofT6cvLFe6pA:1tTOEL:NqxJU61MwOHDbC46ZhEnS5tJdK06QcALq8bjE845lMo", "expire_date": "2025-01-16T16:39:29.760Z"}}, {"model": "sessions.session", "pk": "jglljk2ojwzkvvjw0ersygl3byh6jk58", "fields": {"session_data": "eyJzZXNzaW9uX2tleSI6e319:1tSG3v:IdIDifQ4aCndsGXsgsGTfElSsCllS8wyBN8BJlmCRqQ", "expire_date": "2025-01-13T13:44:03.760Z"}}, {"model": "sessions.session", "pk": "jm766zdsvrj6zgxwbvlgfj32ajo0vx64", "fields": {"session_data": ".eJxVjEEOgjAQRe_StWlstYWydO8ZmpnOjCCmTSgsDOHuSsKG7X_v_VVVrnUoOY78Vd26XVSEZe7jUnmKA6lOGXXaENLIeQf0hvwqOpU8TwPqXdEHrfpZiD-Pwz0d9FD7f92Cd2yxuRturaBzIYDz3jY3DnRNVpzYG4MXQgpOjFCChAETCVrDRm0_Yvk_eQ:1ucev8:rSyc0piLAaEZPxNK1-dRiQFVozxJEe7He7inET2FNQQ", "expire_date": "2025-08-01T06:50:14.390Z"}}, {"model": "sessions.session", "pk": "km6hniul808nf5z8q9rss1cga1le7mk7", "fields": {"session_data": ".eJyrVipOLS7OzM-Lz06tVLKqVjIDEQVFmcmpSlZKxqZ6lpZKtTpKRsiiFpaWYOHaWgBrHhKX:1tROdi:w7nZTz3z8mo9xAgmsJVQb3wa6WFS_kvV1yimAz4uvvc", "expire_date": "2025-01-11T04:41:26.273Z"}}, {"model": "sessions.session", "pk": "opu114w3z11zzn9mc7kgg2r5veya006l", "fields": {"session_data": "eyJzZXNzaW9uX2tleSI6eyIxIjoyfX0:1tRPbr:RFQ_av6jNU6jKPfgraDmVXewRHd2SmZXzyntotGzam4", "expire_date": "2025-01-11T05:43:35.073Z"}}, {"model": "sessions.session", "pk": "oydijwghot09set3550am3e7wyy33nmm", "fields": {"session_data": "eyJzZXNzaW9uX2tleSI6e319:1tSCXc:aYegGLCRZbXgPXwGRv3-Jz7VZFRRUEojJokK4O-h2IQ", "expire_date": "2025-01-13T09:58:28.008Z"}}, {"model": "sessions.session", "pk": "qw2c5poxexlp5ydc6aswgfo9imr3v8ia", "fields": {"session_data": "eyJzZXNzaW9uX2tleSI6eyIxIjoyLCIzIjoyfX0:1tRYUf:FAmZCR2Dh2M4bx9devDG7EeziD9ZuQqJSVAC23RTcjs", "expire_date": "2025-01-11T15:12:45.493Z"}}, {"model": "sessions.session", "pk": "v7s3g7oxm9urry3t46vkpah8jl8p8e8r", "fields": {"session_data": "eyJzZXNzaW9uX2tleSI6e319:1tSaXt:xQo_koVnC0ISbTOlU4EiXLF-Ma1m5VKbwWcPaHRJmn4", "expire_date": "2025-01-14T11:36:21.961Z"}}, {"model": "sessions.session", "pk": "wwnkrgh3pfk5peimolbr7644yvpomefx", "fields": {"session_data": ".eJxVjEEOgyAQRe_CuiEKdECX3fcMhGGGam0gEV00xru3Jm7c_vfe30TlWseS_cRf0W_7TfiwLoNfK89-JNGLVlw2DHHifAB6h_wqMpa8zCPKQ5EnrfJZiD-P070cDKEO_9p2SiuT0GCbGAwBWUoKdNLYKrDsCBhiA-wsdxCB0IaQGrR3FzvjtNh_W5o-cQ:1uSo8j:0eVY5O1w2hYtnU4oGi7ACqJ6e6pQFC9mfCXsalmKUHY", "expire_date": "2025-07-05T02:39:33.576Z"}}, {"model": "sessions.session", "pk": "xisxzfyu225z2yad9cda7nvji61dtbyh", "fields": {"session_data": ".eJxVzjEOgzAMBdC7ZEZRQhNid-zeM6AQm0KpoCIwVIi7N0ioShcPz99f3kTt16Wr18hz3ZO4Ci2K3BofBh6PBT39-JhkmMZl7ht5ROS5jfI-Eb9uZ_avoPOxS9fGUOu5IutAE0FArZVrCLR2ASxaQOvLkhQY13jF0F6cMl4DWMcGuU2lkWPsp7Ee-COuW3o0jffcB071iCgRxV6IMmf4scm5glOrXC_2VJurkkqJfd-_PotaPw:1tROBC:CZZE25sDt2VvZfziAyWgKNEloGXf8nzaA8nhrl-JN2M", "expire_date": "2025-01-11T04:11:58.370Z"}}, {"model": "store.profile", "pk": 3, "fields": {"user": 1, "date_modified": "2025-05-21T15:17:46.022Z", "phone": "0504797177", "address1": "Outer Ring Road", "address2": "Earth", "city": "Accra", "state": "Greater Accra", "zipcode": "0233", "country": "Ghana", "old_cart": ""}}, {"model": "store.profile", "pk": 5, "fields": {"user": 9, "date_modified": "2024-12-30T11:30:14.916Z", "phone": "0123456789", "address1": "Heaven", "address2": "Earth", "city": "Kingdom", "state": "Paradise", "zipcode": "123", "country": "Worldwide", "old_cart": null}}, {"model": "store.profile", "pk": 8, "fields": {"user": 12, "date_modified": "2024-12-31T17:10:52.850Z", "phone": "", "address1": "", "address2": "", "city": "", "state": "", "zipcode": "", "country": "", "old_cart": null}}, {"model": "store.profile", "pk": 9, "fields": {"user": 13, "date_modified": "2024-12-31T17:13:48.643Z", "phone": "", "address1": "", "address2": "", "city": "", "state": "", "zipcode": "", "country": "", "old_cart": null}}, {"model": "store.category", "pk": 2, "fields": {"name": "Programming Books"}}, {"model": "store.category", "pk": 3, "fields": {"name": "Marketing Books"}}, {"model": "store.category", "pk": 4, "fields": {"name": "Electronico Devices."}}, {"model": "store.category", "pk": 10, "fields": {"name": "Sneakers"}}, {"model": "store.category", "pk": 11, "fields": {"name": "Outfits for you. WAH-WAH"}}, {"model": "store.category", "pk": 12, "fields": {"name": "Toys Store"}}, {"model": "store.category", "pk": 13, "fields": {"name": "Watches"}}, {"model": "store.category", "pk": 14, "fields": {"name": "Home Appliances"}}, {"model": "store.product", "pk": 3, "fields": {"name": "Love Audrey", "price": "59.99", "category": 3, "description": "This is a good book", "image": "uploads/product/love_audrey.jpg", "is_sale": false, "sale_price": "0.00"}}, {"model": "store.product", "pk": 4, "fields": {"name": "Indigo", "price": "68.99", "category": 2, "description": "This is a sweet book to read", "image": "uploads/product/indigo.jpg", "is_sale": false, "sale_price": "0.00"}}, {"model": "store.product", "pk": 5, "fields": {"name": "Love Letter Life", "price": "0.00", "category": 2, "description": "Book about love letter life", "image": "uploads/product/love_letter_life.jpg", "is_sale": false, "sale_price": "0.00"}}, {"model": "store.product", "pk": 6, "fields": {"name": "The book of love letter", "price": "35.99", "category": 3, "description": "Learning Python has never been this fast and easy, or fun! Veteran Codemy.com programmer John Elder walks you step by step through the ins and outs of Python Programming. Written for the absolute beginner, you don't need any programming experience to", "image": "uploads/product/The_book_of_love_letter.jpg", "is_sale": true, "sale_price": "6.99"}}, {"model": "store.product", "pk": 7, "fields": {"name": "iPhone 15 Pro", "price": "1705.99", "category": 4, "description": "Capacity : 256 GB || BH : 89 || AVAILABLE NOW!!!", "image": "uploads/product/IMG-20241227-WA0017.jpg", "is_sale": true, "sale_price": "1650.99"}}, {"model": "store.product", "pk": 8, "fields": {"name": "iPhone 14 Pro Max", "price": "17500.00", "category": 4, "description": "Capacity : 256 GB || BH : 90 || AVAILABLE NOW!!!", "image": "uploads/product/IMG-20241227-WA0020.jpg", "is_sale": true, "sale_price": "16900.00"}}, {"model": "store.product", "pk": 9, "fields": {"name": "Sony PlayStation 5 (PS5) Console", "price": "730.99", "category": 4, "description": "The PS5 redefines the gaming experience, opening the door to possibilities you never imagined. With its ultra-fast SSD, enjoy near-instant loading times that keep you immersed in the action. Feel every moment like never before with haptic feedback, adaptive triggers, and 3D Audio, bringing a new level of sensory depth. Plus, dive into a next-generation library of extraordinary PlayStation games that push the boundaries of what's possible.", "image": "uploads/product/photo_2024-08-14_14-25-04.jpg", "is_sale": true, "sale_price": "710.99"}}, {"model": "store.product", "pk": 10, "fields": {"name": "MacBook Pro", "price": "0.00", "category": 4, "description": "Year : 2019 ||  i9 ||  Ram : 32 GB ||  Capacity : 512 GB || CERTIFIED PREOWNED || AVAILABLE NOW !!!", "image": "uploads/product/photo_2024-08-14_14-25-23.jpg", "is_sale": false, "sale_price": "0.00"}}, {"model": "store.product", "pk": 11, "fields": {"name": "SONY XM5 HEADSET", "price": "270.99", "category": 2, "description": "A premium wireless noise-canceling headphone known for its exceptional sound quality and industry-leading noise cancellation. It features a sleek, over-ear design with plush earcups and an adjustable headband for comfort. Key features include two processors and eight microphones for advanced noise cancellation, precise voice pickup technology for clear calls, and intuitive touch controls. The headphones also boast long battery life, quick charging capabilities, and seamless integration with voice assistants", "image": "uploads/product/photo_2025-06-21_02-52-03.jpg", "is_sale": false, "sale_price": "0.00"}}, {"model": "store.product", "pk": 12, "fields": {"name": "Galaxy Tab S9 Ultra", "price": "1800.00", "category": 2, "description": "***Samsung Galaxy Tab S9 Ultra 5G X916 14.6\" 512GB 13MP SD8Gen2 11200mAh Tablet By FedEx***  FACTORY UNLOCKED WIFI +5G TABLET    Free Fed-ex Shipping to USA,Canada,,,Australia,Japan, Ghana !  New & Unlocked Phone***", "image": "uploads/product/photo_2025-06-21_03-05-30.jpg", "is_sale": true, "sale_price": "1750.00"}}, {"model": "payment.shippingaddress", "pk": 1, "fields": {"user": 1, "shipping_full_name": "Gilbert Antwi", "shipping_email": "antwigilbert12345@gmail.com", "shipping_address1": "Earth", "shipping_address2": "Heaven", "shipping_city": "Accra", "shipping_state": "Greater Accra", "shipping_zipcode": "+233", "shipping_country": "Ghana"}}, {"model": "payment.shippingaddress", "pk": 2, "fields": {"user": 12, "shipping_full_name": "", "shipping_email": "", "shipping_address1": "", "shipping_address2": null, "shipping_city": "", "shipping_state": null, "shipping_zipcode": null, "shipping_country": ""}}, {"model": "payment.shippingaddress", "pk": 3, "fields": {"user": 13, "shipping_full_name": "", "shipping_email": "", "shipping_address1": "", "shipping_address2": null, "shipping_city": "", "shipping_state": null, "shipping_zipcode": null, "shipping_country": ""}}, {"model": "payment.order", "pk": 1, "fields": {"user": 1, "full_name": "Gilbert Antwi", "email": "antwigilbert12345@gmail.com", "shipping_address": "Outer Ring Road\r\nLatebiokorshie\r\nAM917", "amount_paid": "42.99", "date_ordered": "2024-12-31T00:00:00Z", "shipped": true, "date_shipped": "2025-01-02T16:24:15.520Z"}}, {"model": "payment.order", "pk": 2, "fields": {"user": 1, "full_name": "Gilbert Antwi", "email": "antwigilbert12345@gmail.com", "shipping_address": "Earth\nHeaven\nAccra\nGreater Accra\n\\Ghana", "amount_paid": "158.95", "date_ordered": "2025-01-01T00:00:00Z", "shipped": true, "date_shipped": "2025-01-09T10:27:25.101Z"}}, {"model": "payment.order", "pk": 3, "fields": {"user": null, "full_name": "Sis Juliet", "email": "juliet@gmail.com", "shipping_address": "Legon\nLegon\nAccra\nGreater Accra\n0233\\Ghana", "amount_paid": "59.99", "date_ordered": "2025-01-02T00:00:00Z", "shipped": false, "date_shipped": null}}, {"model": "payment.order", "pk": 4, "fields": {"user": 1, "full_name": "Gilbert Antwi", "email": "antwigilbert12345@gmail.com", "shipping_address": "Earth\nHeaven\nAccra\nGreater Accra\n\\Ghana", "amount_paid": "66.98", "date_ordered": "2025-01-02T00:00:00Z", "shipped": false, "date_shipped": null}}, {"model": "payment.order", "pk": 5, "fields": {"user": 1, "full_name": "Gilbert Antwi", "email": "antwigilbert12345@gmail.com", "shipping_address": "Earth\nHeaven\nAccra\nGreater Accra\n\\Ghana", "amount_paid": "126.97", "date_ordered": "2025-01-02T00:00:00Z", "shipped": false, "date_shipped": null}}, {"model": "payment.order", "pk": 6, "fields": {"user": null, "full_name": "Star Boy", "email": "star@gmail.com", "shipping_address": "Dansoman\r\nDansoman\r\nAccra\r\nGreater Accra\r\n0233\\Ghana", "amount_paid": "6.99", "date_ordered": "2025-01-02T00:00:00Z", "shipped": true, "date_shipped": "2025-01-02T13:40:40.665Z"}}, {"model": "payment.order", "pk": 7, "fields": {"user": 1, "full_name": "Gilbert Antwi", "email": "antwigilbert12345@gmail.com", "shipping_address": "Earth\r\nHeaven\r\nAccra\r\nGreater Accra\r\n\\Ghana", "amount_paid": "135.97", "date_ordered": "2025-01-02T00:00:00Z", "shipped": true, "date_shipped": "2025-01-02T13:42:47.852Z"}}, {"model": "payment.order", "pk": 8, "fields": {"user": 1, "full_name": "Gilbert Antwi", "email": "antwigilbert12345@gmail.com", "shipping_address": "Earth\nHeaven\nAccra\nGreater Accra\n\\Ghana", "amount_paid": "135.97", "date_ordered": "2025-01-02T16:27:14.451Z", "shipped": false, "date_shipped": null}}, {"model": "payment.order", "pk": 9, "fields": {"user": 1, "full_name": "Gilbert Antwi", "email": "antwigilbert12345@gmail.com", "shipping_address": "Earth\nHeaven\nAccra\nGreater Accra\n\\Ghana", "amount_paid": "135.97", "date_ordered": "2025-01-02T16:39:27.789Z", "shipped": false, "date_shipped": null}}, {"model": "payment.order", "pk": 10, "fields": {"user": 1, "full_name": "Gilbert Antwi", "email": "antwigilbert12345@gmail.com", "shipping_address": "Earth\nHeaven\nAccra\nGreater Accra\n+233\\Ghana", "amount_paid": "85555.94", "date_ordered": "2025-05-24T09:15:41.190Z", "shipped": false, "date_shipped": null}}, {"model": "payment.orderitem", "pk": 1, "fields": {"order": 1, "product": 3, "user": 1, "quantity": 2, "price": "19.99"}}, {"model": "payment.orderitem", "pk": 2, "fields": {"order": 5, "product": 3, "user": 1, "quantity": 2, "price": "59.99"}}, {"model": "payment.orderitem", "pk": 3, "fields": {"order": 5, "product": 6, "user": 1, "quantity": 1, "price": "6.99"}}, {"model": "payment.orderitem", "pk": 4, "fields": {"order": 6, "product": 6, "user": null, "quantity": 1, "price": "6.99"}}, {"model": "payment.orderitem", "pk": 5, "fields": {"order": 7, "product": 3, "user": 1, "quantity": 1, "price": "59.99"}}, {"model": "payment.orderitem", "pk": 6, "fields": {"order": 7, "product": 4, "user": 1, "quantity": 1, "price": "68.99"}}, {"model": "payment.orderitem", "pk": 7, "fields": {"order": 7, "product": 6, "user": 1, "quantity": 1, "price": "6.99"}}, {"model": "payment.orderitem", "pk": 8, "fields": {"order": 8, "product": 3, "user": 1, "quantity": 1, "price": "59.99"}}, {"model": "payment.orderitem", "pk": 9, "fields": {"order": 8, "product": 4, "user": 1, "quantity": 1, "price": "68.99"}}, {"model": "payment.orderitem", "pk": 10, "fields": {"order": 8, "product": 6, "user": 1, "quantity": 1, "price": "6.99"}}, {"model": "payment.orderitem", "pk": 11, "fields": {"order": 9, "product": 3, "user": 1, "quantity": 1, "price": "59.99"}}, {"model": "payment.orderitem", "pk": 12, "fields": {"order": 9, "product": 4, "user": 1, "quantity": 1, "price": "68.99"}}, {"model": "payment.orderitem", "pk": 13, "fields": {"order": 9, "product": 6, "user": 1, "quantity": 1, "price": "6.99"}}, {"model": "payment.orderitem", "pk": 14, "fields": {"order": 10, "product": 4, "user": 1, "quantity": 5, "price": "68.99"}}, {"model": "payment.orderitem", "pk": 15, "fields": {"order": 10, "product": 8, "user": 1, "quantity": 5, "price": "16900.00"}}, {"model": "payment.orderitem", "pk": 16, "fields": {"order": 10, "product": 9, "user": 1, "quantity": 1, "price": "710.99"}}]