[{"model": "admin.logentry", "pk": 1, "fields": {"action_time": "2024-12-26T11:41:54.573Z", "user": 1, "content_type": 8, "object_id": "1", "object_repr": "Cell Phone", "action_flag": 1, "change_message": "[{\"added\": {}}]"}}, {"model": "admin.logentry", "pk": 2, "fields": {"action_time": "2024-12-26T11:43:39.006Z", "user": 1, "content_type": 9, "object_id": "1", "object_repr": "iPhone", "action_flag": 1, "change_message": "[{\"added\": {}}]"}}, {"model": "admin.logentry", "pk": 3, "fields": {"action_time": "2024-12-26T11:44:57.601Z", "user": 1, "content_type": 9, "object_id": "2", "object_repr": "Andriod", "action_flag": 1, "change_message": "[{\"added\": {}}]"}}, {"model": "admin.logentry", "pk": 4, "fields": {"action_time": "2024-12-26T12:28:01.355Z", "user": 1, "content_type": 8, "object_id": "2", "object_repr": "Books", "action_flag": 1, "change_message": "[{\"added\": {}}]"}}, {"model": "admin.logentry", "pk": 5, "fields": {"action_time": "2024-12-26T12:33:13.764Z", "user": 1, "content_type": 9, "object_id": "3", "object_repr": "Love Audrey", "action_flag": 1, "change_message": "[{\"added\": {}}]"}}, {"model": "admin.logentry", "pk": 6, "fields": {"action_time": "2024-12-26T12:33:48.701Z", "user": 1, "content_type": 9, "object_id": "4", "object_repr": "Indigo", "action_flag": 1, "change_message": "[{\"added\": {}}]"}}, {"model": "admin.logentry", "pk": 7, "fields": {"action_time": "2024-12-26T12:34:26.558Z", "user": 1, "content_type": 9, "object_id": "5", "object_repr": "Love Letter Life", "action_flag": 1, "change_message": "[{\"added\": {}}]"}}, {"model": "admin.logentry", "pk": 8, "fields": {"action_time": "2024-12-26T12:34:57.261Z", "user": 1, "content_type": 9, "object_id": "6", "object_repr": "The book of love letter", "action_flag": 1, "change_message": "[{\"added\": {}}]"}}, {"model": "admin.logentry", "pk": 9, "fields": {"action_time": "2024-12-26T13:07:40.640Z", "user": 1, "content_type": 9, "object_id": "6", "object_repr": "The book of love letter", "action_flag": 2, "change_message": "[{\"changed\": {\"fields\": [\"Is sale\", \"Sale price\"]}}]"}}, {"model": "admin.logentry", "pk": 10, "fields": {"action_time": "2024-12-26T18:05:49.685Z", "user": 1, "content_type": 4, "object_id": "2", "object_repr": "Andre", "action_flag": 3, "change_message": ""}}, {"model": "admin.logentry", "pk": 11, "fields": {"action_time": "2024-12-26T18:05:59.757Z", "user": 1, "content_type": 4, "object_id": "3", "object_repr": "hotmess", "action_flag": 3, "change_message": ""}}, {"model": "admin.logentry", "pk": 12, "fields": {"action_time": "2024-12-26T19:26:44.149Z", "user": 1, "content_type": 9, "object_id": "6", "object_repr": "The book of love letter", "action_flag": 2, "change_message": "[{\"changed\": {\"fields\": [\"Description\"]}}]"}}, {"model": "admin.logentry", "pk": 13, "fields": {"action_time": "2024-12-27T10:05:33.166Z", "user": 1, "content_type": 8, "object_id": "2", "object_repr": "Programming Books", "action_flag": 2, "change_message": "[{\"changed\": {\"fields\": [\"Name\"]}}]"}}, {"model": "admin.logentry", "pk": 14, "fields": {"action_time": "2024-12-27T10:05:53.535Z", "user": 1, "content_type": 8, "object_id": "3", "object_repr": "Marketing Books", "action_flag": 1, "change_message": "[{\"added\": {}}]"}}, {"model": "admin.logentry", "pk": 15, "fields": {"action_time": "2024-12-27T10:06:53.299Z", "user": 1, "content_type": 9, "object_id": "4", "object_repr": "Indigo", "action_flag": 2, "change_message": "[{\"changed\": {\"fields\": [\"Category\"]}}]"}}, {"model": "admin.logentry", "pk": 16, "fields": {"action_time": "2024-12-27T10:07:16.744Z", "user": 1, "content_type": 9, "object_id": "3", "object_repr": "Love Audrey", "action_flag": 2, "change_message": "[{\"changed\": {\"fields\": [\"Category\"]}}]"}}, {"model": "admin.logentry", "pk": 17, "fields": {"action_time": "2024-12-27T10:07:28.898Z", "user": 1, "content_type": 9, "object_id": "6", "object_repr": "The book of love letter", "action_flag": 2, "change_message": "[{\"changed\": {\"fields\": [\"Category\"]}}]"}}, {"model": "admin.logentry", "pk": 18, "fields": {"action_time": "2024-12-27T10:07:35.125Z", "user": 1, "content_type": 9, "object_id": "4", "object_repr": "Indigo", "action_flag": 2, "change_message": "[{\"changed\": {\"fields\": [\"Category\"]}}]"}}, {"model": "admin.logentry", "pk": 19, "fields": {"action_time": "2024-12-28T16:39:44.727Z", "user": 1, "content_type": 8, "object_id": "1", "object_repr": "Cell Phone", "action_flag": 3, "change_message": ""}}, {"model": "admin.logentry", "pk": 20, "fields": {"action_time": "2024-12-29T01:29:17.999Z", "user": 1, "content_type": 3, "object_id": "1", "object_repr": "AmazonDealsGhana", "action_flag": 1, "change_message": "[{\"added\": {}}]"}}, {"model": "admin.logentry", "pk": 21, "fields": {"action_time": "2024-12-29T01:35:03.420Z", "user": 1, "content_type": 4, "object_id": "5", "object_repr": "hotmess", "action_flag": 1, "change_message": "[{\"added\": {}}]"}}, {"model": "admin.logentry", "pk": 22, "fields": {"action_time": "2024-12-29T01:39:10.171Z", "user": 1, "content_type": 4, "object_id": "5", "object_repr": "hotmess", "action_flag": 2, "change_message": "[{\"changed\": {\"fields\": [\"First name\", \"Last name\", \"Email address\", \"Groups\", \"User permissions\", \"Last login\"]}}]"}}, {"model": "admin.logentry", "pk": 23, "fields": {"action_time": "2024-12-29T01:46:17.223Z", "user": 1, "content_type": 8, "object_id": "4", "object_repr": "Electronico Devices.", "action_flag": 1, "change_message": "[{\"added\": {}}]"}}, {"model": "admin.logentry", "pk": 24, "fields": {"action_time": "2024-12-29T01:46:25.997Z", "user": 1, "content_type": 8, "object_id": "5", "object_repr": "Watches", "action_flag": 1, "change_message": "[{\"added\": {}}]"}}, {"model": "admin.logentry", "pk": 25, "fields": {"action_time": "2024-12-29T01:46:34.489Z", "user": 1, "content_type": 8, "object_id": "6", "object_repr": "Toys Store", "action_flag": 1, "change_message": "[{\"added\": {}}]"}}, {"model": "admin.logentry", "pk": 26, "fields": {"action_time": "2024-12-29T01:47:25.323Z", "user": 1, "content_type": 8, "object_id": "7", "object_repr": "Home Appliances", "action_flag": 1, "change_message": "[{\"added\": {}}]"}}, {"model": "admin.logentry", "pk": 27, "fields": {"action_time": "2024-12-29T01:47:41.308Z", "user": 1, "content_type": 8, "object_id": "8", "object_repr": "Sneakers", "action_flag": 1, "change_message": "[{\"added\": {}}]"}}, {"model": "admin.logentry", "pk": 28, "fields": {"action_time": "2024-12-29T01:48:01.634Z", "user": 1, "content_type": 8, "object_id": "9", "object_repr": "Outfits for you. WAH-WAH", "action_flag": 1, "change_message": "[{\"added\": {}}]"}}, {"model": "admin.logentry", "pk": 29, "fields": {"action_time": "2024-12-29T01:52:13.392Z", "user": 1, "content_type": 9, "object_id": "7", "object_repr": "iPhone 15 Pro", "action_flag": 1, "change_message": "[{\"added\": {}}]"}}, {"model": "admin.logentry", "pk": 30, "fields": {"action_time": "2024-12-29T02:02:21.302Z", "user": 1, "content_type": 9, "object_id": "7", "object_repr": "iPhone 15 Pro", "action_flag": 2, "change_message": "[{\"changed\": {\"fields\": [\"Price\", \"Is sale\", \"Sale price\"]}}]"}}, {"model": "admin.logentry", "pk": 31, "fields": {"action_time": "2024-12-29T02:02:33.052Z", "user": 1, "content_type": 9, "object_id": "7", "object_repr": "iPhone 15 Pro", "action_flag": 2, "change_message": "[{\"changed\": {\"fields\": [\"Category\"]}}]"}}, {"model": "admin.logentry", "pk": 32, "fields": {"action_time": "2024-12-29T02:06:07.352Z", "user": 1, "content_type": 9, "object_id": "7", "object_repr": "iPhone 15 Pro", "action_flag": 2, "change_message": "[{\"changed\": {\"fields\": [\"Sale price\"]}}]"}}, {"model": "admin.logentry", "pk": 33, "fields": {"action_time": "2024-12-29T02:10:52.645Z", "user": 1, "content_type": 9, "object_id": "8", "object_repr": "iPhone 14 Pro Max", "action_flag": 1, "change_message": "[{\"added\": {}}]"}}, {"model": "admin.logentry", "pk": 34, "fields": {"action_time": "2024-12-29T02:12:09.816Z", "user": 1, "content_type": 9, "object_id": "8", "object_repr": "iPhone 14 Pro Max", "action_flag": 2, "change_message": "[{\"changed\": {\"fields\": [\"Description\", \"Is sale\", \"Sale price\"]}}]"}}, {"model": "admin.logentry", "pk": 35, "fields": {"action_time": "2024-12-29T02:12:40.358Z", "user": 1, "content_type": 9, "object_id": "7", "object_repr": "iPhone 15 Pro", "action_flag": 2, "change_message": "[{\"changed\": {\"fields\": [\"Description\"]}}]"}}, {"model": "admin.logentry", "pk": 36, "fields": {"action_time": "2024-12-29T02:44:13.255Z", "user": 1, "content_type": 9, "object_id": "9", "object_repr": "Sony PlayStation 5 (PS5) Console", "action_flag": 1, "change_message": "[{\"added\": {}}]"}}, {"model": "admin.logentry", "pk": 37, "fields": {"action_time": "2024-12-29T03:02:49.291Z", "user": 1, "content_type": 9, "object_id": "10", "object_repr": "MacBook Pro", "action_flag": 1, "change_message": "[{\"added\": {}}]"}}, {"model": "admin.logentry", "pk": 38, "fields": {"action_time": "2024-12-29T03:03:04.538Z", "user": 1, "content_type": 9, "object_id": "10", "object_repr": "MacBook Pro", "action_flag": 2, "change_message": "[{\"changed\": {\"fields\": [\"Category\"]}}]"}}, {"model": "admin.logentry", "pk": 39, "fields": {"action_time": "2024-12-30T10:04:53.071Z", "user": 1, "content_type": 3, "object_id": "1", "object_repr": "AmazonDealsGhana", "action_flag": 3, "change_message": ""}}, {"model": "admin.logentry", "pk": 40, "fields": {"action_time": "2024-12-30T10:05:01.901Z", "user": 1, "content_type": 4, "object_id": "5", "object_repr": "hotmess", "action_flag": 3, "change_message": ""}}, {"model": "admin.logentry", "pk": 41, "fields": {"action_time": "2024-12-30T10:05:11.855Z", "user": 1, "content_type": 4, "object_id": "4", "object_repr": "Andre", "action_flag": 3, "change_message": ""}}, {"model": "admin.logentry", "pk": 42, "fields": {"action_time": "2024-12-30T10:05:41.436Z", "user": 1, "content_type": 8, "object_id": "5", "object_repr": "Watches", "action_flag": 3, "change_message": ""}}, {"model": "admin.logentry", "pk": 43, "fields": {"action_time": "2024-12-30T10:05:46.831Z", "user": 1, "content_type": 8, "object_id": "7", "object_repr": "Home Appliances", "action_flag": 3, "change_message": ""}}, {"model": "admin.logentry", "pk": 44, "fields": {"action_time": "2024-12-30T10:05:51.876Z", "user": 1, "content_type": 8, "object_id": "8", "object_repr": "Sneakers", "action_flag": 3, "change_message": ""}}, {"model": "admin.logentry", "pk": 45, "fields": {"action_time": "2024-12-30T10:05:56.613Z", "user": 1, "content_type": 8, "object_id": "9", "object_repr": "Outfits for you. WAH-WAH", "action_flag": 3, "change_message": ""}}, {"model": "admin.logentry", "pk": 46, "fields": {"action_time": "2024-12-30T10:06:00.790Z", "user": 1, "content_type": 8, "object_id": "6", "object_repr": "Toys Store", "action_flag": 3, "change_message": ""}}, {"model": "admin.logentry", "pk": 47, "fields": {"action_time": "2024-12-30T10:29:44.837Z", "user": 1, "content_type": 4, "object_id": "6", "object_repr": "andre", "action_flag": 1, "change_message": "[{\"added\": {}}]"}}, {"model": "admin.logentry", "pk": 48, "fields": {"action_time": "2024-12-30T10:30:30.676Z", "user": 1, "content_type": 4, "object_id": "6", "object_repr": "andre", "action_flag": 2, "change_message": "[{\"changed\": {\"fields\": [\"First name\", \"Last name\", \"Email address\"]}}]"}}, {"model": "admin.logentry", "pk": 49, "fields": {"action_time": "2024-12-30T11:15:26.236Z", "user": 1, "content_type": 11, "object_id": "3", "object_repr": "admin", "action_flag": 1, "change_message": "[{\"added\": {}}]"}}, {"model": "admin.logentry", "pk": 50, "fields": {"action_time": "2024-12-30T11:18:08.917Z", "user": 1, "content_type": 4, "object_id": "1", "object_repr": "admin", "action_flag": 2, "change_message": "[{\"changed\": {\"name\": \"profile\", \"object\": \"admin\", \"fields\": [\"City\"]}}]"}}, {"model": "admin.logentry", "pk": 51, "fields": {"action_time": "2024-12-31T12:13:26.177Z", "user": 1, "content_type": 12, "object_id": "1", "object_repr": "Shipping Address - 1", "action_flag": 1, "change_message": "[{\"added\": {}}]"}}, {"model": "admin.logentry", "pk": 52, "fields": {"action_time": "2024-12-31T12:14:01.205Z", "user": 1, "content_type": 12, "object_id": "1", "object_repr": "Shipping Address - 1", "action_flag": 2, "change_message": "[{\"changed\": {\"fields\": [\"Address1\", \"Address2\", \"City\", \"State\", \"Zipcode\"]}}]"}}, {"model": "admin.logentry", "pk": 53, "fields": {"action_time": "2024-12-31T12:18:22.931Z", "user": 1, "content_type": 12, "object_id": "1", "object_repr": "Shipping Address - 1", "action_flag": 2, "change_message": "[]"}}, {"model": "admin.logentry", "pk": 54, "fields": {"action_time": "2024-12-31T13:57:12.994Z", "user": 1, "content_type": 12, "object_id": "1", "object_repr": "Shipping Address - 1", "action_flag": 2, "change_message": "[{\"changed\": {\"fields\": [\"Shipping address1\"]}}]"}}, {"model": "admin.logentry", "pk": 55, "fields": {"action_time": "2024-12-31T13:58:30.766Z", "user": 1, "content_type": 12, "object_id": "1", "object_repr": "Shipping Address - 1", "action_flag": 2, "change_message": "[{\"changed\": {\"fields\": [\"Shipping zipcode\"]}}]"}}, {"model": "admin.logentry", "pk": 56, "fields": {"action_time": "2024-12-31T14:37:00.336Z", "user": 1, "content_type": 14, "object_id": "1", "object_repr": "Order - 1", "action_flag": 1, "change_message": "[{\"added\": {}}]"}}, {"model": "admin.logentry", "pk": 57, "fields": {"action_time": "2024-12-31T14:41:36.714Z", "user": 1, "content_type": 13, "object_id": "1", "object_repr": "Order - 1", "action_flag": 1, "change_message": "[{\"added\": {}}]"}}, {"model": "admin.logentry", "pk": 58, "fields": {"action_time": "2024-12-31T16:52:30.128Z", "user": 1, "content_type": 4, "object_id": "10", "object_repr": "memory2929", "action_flag": 3, "change_message": ""}}, {"model": "admin.logentry", "pk": 59, "fields": {"action_time": "2024-12-31T17:18:17.581Z", "user": 1, "content_type": 4, "object_id": "11", "object_repr": "memory2929", "action_flag": 3, "change_message": ""}}, {"model": "admin.logentry", "pk": 60, "fields": {"action_time": "2024-12-31T17:18:17.581Z", "user": 1, "content_type": 4, "object_id": "8", "object_repr": "hotmess", "action_flag": 3, "change_message": ""}}, {"model": "admin.logentry", "pk": 61, "fields": {"action_time": "2024-12-31T17:18:17.581Z", "user": 1, "content_type": 4, "object_id": "7", "object_repr": "NaaKarley", "action_flag": 3, "change_message": ""}}, {"model": "admin.logentry", "pk": 62, "fields": {"action_time": "2024-12-31T17:18:17.581Z", "user": 1, "content_type": 4, "object_id": "6", "object_repr": "andre", "action_flag": 3, "change_message": ""}}, {"model": "admin.logentry", "pk": 63, "fields": {"action_time": "2025-01-02T13:25:29.245Z", "user": 1, "content_type": 14, "object_id": "7", "object_repr": "Order - 7", "action_flag": 2, "change_message": "[{\"changed\": {\"fields\": [\"Shipping address\", \"Shipped\"]}}]"}}, {"model": "admin.logentry", "pk": 64, "fields": {"action_time": "2025-01-02T13:40:41.025Z", "user": 1, "content_type": 14, "object_id": "6", "object_repr": "Order - 6", "action_flag": 2, "change_message": "[{\"changed\": {\"fields\": [\"Shipping address\", \"Shipped\"]}}]"}}, {"model": "admin.logentry", "pk": 65, "fields": {"action_time": "2025-01-02T13:42:41.987Z", "user": 1, "content_type": 14, "object_id": "7", "object_repr": "Order - 7", "action_flag": 2, "change_message": "[{\"changed\": {\"fields\": [\"Shipped\"]}}]"}}, {"model": "admin.logentry", "pk": 66, "fields": {"action_time": "2025-01-02T13:42:47.986Z", "user": 1, "content_type": 14, "object_id": "7", "object_repr": "Order - 7", "action_flag": 2, "change_message": "[{\"changed\": {\"fields\": [\"Shipped\"]}}]"}}, {"model": "admin.logentry", "pk": 67, "fields": {"action_time": "2025-01-03T00:50:56.097Z", "user": 1, "content_type": 8, "object_id": "10", "object_repr": "Sneakers", "action_flag": 1, "change_message": "[{\"added\": {}}]"}}, {"model": "admin.logentry", "pk": 68, "fields": {"action_time": "2025-01-03T00:51:11.231Z", "user": 1, "content_type": 8, "object_id": "11", "object_repr": "Outfits for you. WAH-WAH", "action_flag": 1, "change_message": "[{\"added\": {}}]"}}, {"model": "admin.logentry", "pk": 69, "fields": {"action_time": "2025-01-03T00:51:21.453Z", "user": 1, "content_type": 8, "object_id": "12", "object_repr": "Toys Store", "action_flag": 1, "change_message": "[{\"added\": {}}]"}}, {"model": "admin.logentry", "pk": 70, "fields": {"action_time": "2025-01-03T00:51:31.263Z", "user": 1, "content_type": 8, "object_id": "13", "object_repr": "Watches", "action_flag": 1, "change_message": "[{\"added\": {}}]"}}, {"model": "admin.logentry", "pk": 71, "fields": {"action_time": "2025-01-03T00:52:02.912Z", "user": 1, "content_type": 8, "object_id": "14", "object_repr": "Home Appliances", "action_flag": 1, "change_message": "[{\"added\": {}}]"}}, {"model": "admin.logentry", "pk": 72, "fields": {"action_time": "2025-05-22T01:57:23.488Z", "user": 1, "content_type": 9, "object_id": "9", "object_repr": "Sony PlayStation 5 (PS5) Console", "action_flag": 2, "change_message": "[{\"changed\": {\"fields\": [\"Price\"]}}]"}}, {"model": "admin.logentry", "pk": 73, "fields": {"action_time": "2025-05-22T02:04:44.660Z", "user": 1, "content_type": 9, "object_id": "9", "object_repr": "Sony PlayStation 5 (PS5) Console", "action_flag": 2, "change_message": "[{\"changed\": {\"fields\": [\"Price\", \"Sale price\"]}}]"}}, {"model": "admin.logentry", "pk": 74, "fields": {"action_time": "2025-05-22T02:10:19.005Z", "user": 1, "content_type": 9, "object_id": "7", "object_repr": "iPhone 15 Pro", "action_flag": 2, "change_message": "[{\"changed\": {\"fields\": [\"Price\", \"Sale price\"]}}]"}}, {"model": "admin.logentry", "pk": 75, "fields": {"action_time": "2025-05-22T02:11:15.994Z", "user": 1, "content_type": 9, "object_id": "7", "object_repr": "iPhone 15 Pro", "action_flag": 2, "change_message": "[]"}}, {"model": "admin.logentry", "pk": 76, "fields": {"action_time": "2025-05-23T14:25:30.884Z", "user": 1, "content_type": 9, "object_id": "7", "object_repr": "iPhone 15 Pro", "action_flag": 2, "change_message": "[{\"changed\": {\"fields\": [\"Sale price\"]}}]"}}, {"model": "admin.logentry", "pk": 77, "fields": {"action_time": "2025-06-21T02:53:19.443Z", "user": 1, "content_type": 9, "object_id": "11", "object_repr": "SONY XM5 HEADSET", "action_flag": 1, "change_message": "[{\"added\": {}}]"}}, {"model": "admin.logentry", "pk": 78, "fields": {"action_time": "2025-06-21T02:54:11.102Z", "user": 1, "content_type": 9, "object_id": "11", "object_repr": "SONY XM5 HEADSET", "action_flag": 2, "change_message": "[{\"changed\": {\"fields\": [\"Description\"]}}]"}}, {"model": "admin.logentry", "pk": 79, "fields": {"action_time": "2025-06-21T03:05:49.204Z", "user": 1, "content_type": 9, "object_id": "12", "object_repr": "Galaxy Tab S9 Ultra", "action_flag": 1, "change_message": "[{\"added\": {}}]"}}, {"model": "auth.permission", "pk": 1, "fields": {"name": "Can add log entry", "content_type": 1, "codename": "add_logentry"}}, {"model": "auth.permission", "pk": 2, "fields": {"name": "Can change log entry", "content_type": 1, "codename": "change_logentry"}}, {"model": "auth.permission", "pk": 3, "fields": {"name": "Can delete log entry", "content_type": 1, "codename": "delete_logentry"}}, {"model": "auth.permission", "pk": 4, "fields": {"name": "Can view log entry", "content_type": 1, "codename": "view_logentry"}}, {"model": "auth.permission", "pk": 5, "fields": {"name": "Can add permission", "content_type": 2, "codename": "add_permission"}}, {"model": "auth.permission", "pk": 6, "fields": {"name": "Can change permission", "content_type": 2, "codename": "change_permission"}}, {"model": "auth.permission", "pk": 7, "fields": {"name": "Can delete permission", "content_type": 2, "codename": "delete_permission"}}, {"model": "auth.permission", "pk": 8, "fields": {"name": "Can view permission", "content_type": 2, "codename": "view_permission"}}, {"model": "auth.permission", "pk": 9, "fields": {"name": "Can add group", "content_type": 3, "codename": "add_group"}}, {"model": "auth.permission", "pk": 10, "fields": {"name": "Can change group", "content_type": 3, "codename": "change_group"}}, {"model": "auth.permission", "pk": 11, "fields": {"name": "Can delete group", "content_type": 3, "codename": "delete_group"}}, {"model": "auth.permission", "pk": 12, "fields": {"name": "Can view group", "content_type": 3, "codename": "view_group"}}, {"model": "auth.permission", "pk": 13, "fields": {"name": "Can add user", "content_type": 4, "codename": "add_user"}}, {"model": "auth.permission", "pk": 14, "fields": {"name": "Can change user", "content_type": 4, "codename": "change_user"}}, {"model": "auth.permission", "pk": 15, "fields": {"name": "Can delete user", "content_type": 4, "codename": "delete_user"}}, {"model": "auth.permission", "pk": 16, "fields": {"name": "Can view user", "content_type": 4, "codename": "view_user"}}, {"model": "auth.permission", "pk": 17, "fields": {"name": "Can add content type", "content_type": 5, "codename": "add_contenttype"}}, {"model": "auth.permission", "pk": 18, "fields": {"name": "Can change content type", "content_type": 5, "codename": "change_contenttype"}}, {"model": "auth.permission", "pk": 19, "fields": {"name": "Can delete content type", "content_type": 5, "codename": "delete_contenttype"}}, {"model": "auth.permission", "pk": 20, "fields": {"name": "Can view content type", "content_type": 5, "codename": "view_contenttype"}}, {"model": "auth.permission", "pk": 21, "fields": {"name": "Can add session", "content_type": 6, "codename": "add_session"}}, {"model": "auth.permission", "pk": 22, "fields": {"name": "Can change session", "content_type": 6, "codename": "change_session"}}, {"model": "auth.permission", "pk": 23, "fields": {"name": "Can delete session", "content_type": 6, "codename": "delete_session"}}, {"model": "auth.permission", "pk": 24, "fields": {"name": "Can view session", "content_type": 6, "codename": "view_session"}}, {"model": "auth.permission", "pk": 25, "fields": {"name": "Can add customer", "content_type": 7, "codename": "add_customer"}}, {"model": "auth.permission", "pk": 26, "fields": {"name": "Can change customer", "content_type": 7, "codename": "change_customer"}}, {"model": "auth.permission", "pk": 27, "fields": {"name": "Can delete customer", "content_type": 7, "codename": "delete_customer"}}, {"model": "auth.permission", "pk": 28, "fields": {"name": "Can view customer", "content_type": 7, "codename": "view_customer"}}, {"model": "auth.permission", "pk": 29, "fields": {"name": "Can add category", "content_type": 8, "codename": "add_category"}}, {"model": "auth.permission", "pk": 30, "fields": {"name": "Can change category", "content_type": 8, "codename": "change_category"}}, {"model": "auth.permission", "pk": 31, "fields": {"name": "Can delete category", "content_type": 8, "codename": "delete_category"}}, {"model": "auth.permission", "pk": 32, "fields": {"name": "Can view category", "content_type": 8, "codename": "view_category"}}, {"model": "auth.permission", "pk": 33, "fields": {"name": "Can add product", "content_type": 9, "codename": "add_product"}}, {"model": "auth.permission", "pk": 34, "fields": {"name": "Can change product", "content_type": 9, "codename": "change_product"}}, {"model": "auth.permission", "pk": 35, "fields": {"name": "Can delete product", "content_type": 9, "codename": "delete_product"}}, {"model": "auth.permission", "pk": 36, "fields": {"name": "Can view product", "content_type": 9, "codename": "view_product"}}, {"model": "auth.permission", "pk": 37, "fields": {"name": "Can add order", "content_type": 10, "codename": "add_order"}}, {"model": "auth.permission", "pk": 38, "fields": {"name": "Can change order", "content_type": 10, "codename": "change_order"}}, {"model": "auth.permission", "pk": 39, "fields": {"name": "Can delete order", "content_type": 10, "codename": "delete_order"}}, {"model": "auth.permission", "pk": 40, "fields": {"name": "Can view order", "content_type": 10, "codename": "view_order"}}, {"model": "auth.permission", "pk": 41, "fields": {"name": "Can add profile", "content_type": 11, "codename": "add_profile"}}, {"model": "auth.permission", "pk": 42, "fields": {"name": "Can change profile", "content_type": 11, "codename": "change_profile"}}, {"model": "auth.permission", "pk": 43, "fields": {"name": "Can delete profile", "content_type": 11, "codename": "delete_profile"}}, {"model": "auth.permission", "pk": 44, "fields": {"name": "Can view profile", "content_type": 11, "codename": "view_profile"}}, {"model": "auth.permission", "pk": 45, "fields": {"name": "Can add shipping address", "content_type": 12, "codename": "add_shippingaddress"}}, {"model": "auth.permission", "pk": 46, "fields": {"name": "Can change shipping address", "content_type": 12, "codename": "change_shippingaddress"}}, {"model": "auth.permission", "pk": 47, "fields": {"name": "Can delete shipping address", "content_type": 12, "codename": "delete_shippingaddress"}}, {"model": "auth.permission", "pk": 48, "fields": {"name": "Can view shipping address", "content_type": 12, "codename": "view_shippingaddress"}}, {"model": "auth.permission", "pk": 49, "fields": {"name": "Can add oreder item", "content_type": 13, "codename": "add_orederitem"}}, {"model": "auth.permission", "pk": 50, "fields": {"name": "Can change oreder item", "content_type": 13, "codename": "change_orederitem"}}, {"model": "auth.permission", "pk": 51, "fields": {"name": "Can delete oreder item", "content_type": 13, "codename": "delete_orederitem"}}, {"model": "auth.permission", "pk": 52, "fields": {"name": "Can view oreder item", "content_type": 13, "codename": "view_orederitem"}}, {"model": "auth.permission", "pk": 53, "fields": {"name": "Can add order", "content_type": 14, "codename": "add_order"}}, {"model": "auth.permission", "pk": 54, "fields": {"name": "Can change order", "content_type": 14, "codename": "change_order"}}, {"model": "auth.permission", "pk": 55, "fields": {"name": "Can delete order", "content_type": 14, "codename": "delete_order"}}, {"model": "auth.permission", "pk": 56, "fields": {"name": "Can view order", "content_type": 14, "codename": "view_order"}}, {"model": "auth.permission", "pk": 57, "fields": {"name": "Can add order item", "content_type": 13, "codename": "add_orderitem"}}, {"model": "auth.permission", "pk": 58, "fields": {"name": "Can change order item", "content_type": 13, "codename": "change_orderitem"}}, {"model": "auth.permission", "pk": 59, "fields": {"name": "Can delete order item", "content_type": 13, "codename": "delete_orderitem"}}, {"model": "auth.permission", "pk": 60, "fields": {"name": "Can view order item", "content_type": 13, "codename": "view_orderitem"}}, {"model": "auth.user", "pk": 1, "fields": {"password": "pbkdf2_sha256$720000$MPgaKpdg6ZsMzRe7XTqIwQ$meQ8LrG/bjIXW/CH5wNFGZo/5r73oqBthMlYAsPOcSE=", "last_login": "2025-07-18T06:50:14.283Z", "is_superuser": true, "username": "admin", "first_name": "Gilbert", "last_name": "Antwi", "email": "antwigilbert12345@gmail.com", "is_staff": true, "is_active": true, "date_joined": "2024-12-26T11:14:43Z", "groups": [], "user_permissions": []}}, {"model": "auth.user", "pk": 9, "fields": {"password": "pbkdf2_sha256$870000$gWFmJFZ6VysM8s0AbUzvj7$rdw/7gLzoecQKfd/N7jItAZa0uph/pycF5ZEEtP4yxU=", "last_login": "2024-12-30T11:28:47.697Z", "is_superuser": false, "username": "Yeshua", "first_name": "Jesus", "last_name": "Christ", "email": "jesuschrist@gmail.com", "is_staff": false, "is_active": true, "date_joined": "2024-12-30T11:28:44.237Z", "groups": [], "user_permissions": []}}, {"model": "auth.user", "pk": 12, "fields": {"password": "pbkdf2_sha256$870000$IeXTu5W6Jw6YwvMqn5KN8L$MiBT/HxRmyNXaWuM4g3WkQbJgfeE79lus/l72CAim9g=", "last_login": "2025-01-02T14:09:47.231Z", "is_superuser": false, "username": "eben", "first_name": "Ebenezer", "last_name": "Antwi", "email": "glory@gmail.com", "is_staff": false, "is_active": true, "date_joined": "2024-12-31T17:10:51.437Z", "groups": [], "user_permissions": []}}, {"model": "auth.user", "pk": 13, "fields": {"password": "pbkdf2_sha256$870000$9myapKQIu49Y1HpdYcob6a$wEQpeiIJwozgrldcg7xePivUmtN0aqUOJ7iIgQtTCAY=", "last_login": "2024-12-31T17:13:52.417Z", "is_superuser": false, "username": "love", "first_name": "Loveledge", "last_name": "Antwi", "email": "love@gmail.com", "is_staff": false, "is_active": true, "date_joined": "2024-12-31T17:13:46.407Z", "groups": [], "user_permissions": []}}, {"model": "contenttypes.contenttype", "pk": 1, "fields": {"app_label": "admin", "model": "logentry"}}, {"model": "contenttypes.contenttype", "pk": 2, "fields": {"app_label": "auth", "model": "permission"}}, {"model": "contenttypes.contenttype", "pk": 3, "fields": {"app_label": "auth", "model": "group"}}, {"model": "contenttypes.contenttype", "pk": 4, "fields": {"app_label": "auth", "model": "user"}}, {"model": "contenttypes.contenttype", "pk": 5, "fields": {"app_label": "contenttypes", "model": "contenttype"}}, {"model": "contenttypes.contenttype", "pk": 6, "fields": {"app_label": "sessions", "model": "session"}}, {"model": "contenttypes.contenttype", "pk": 7, "fields": {"app_label": "store", "model": "customer"}}, {"model": "contenttypes.contenttype", "pk": 8, "fields": {"app_label": "store", "model": "category"}}, {"model": "contenttypes.contenttype", "pk": 9, "fields": {"app_label": "store", "model": "product"}}, {"model": "contenttypes.contenttype", "pk": 10, "fields": {"app_label": "store", "model": "order"}}, {"model": "contenttypes.contenttype", "pk": 11, "fields": {"app_label": "store", "model": "profile"}}, {"model": "contenttypes.contenttype", "pk": 12, "fields": {"app_label": "payment", "model": "shippingaddress"}}, {"model": "contenttypes.contenttype", "pk": 13, "fields": {"app_label": "payment", "model": "orderitem"}}, {"model": "contenttypes.contenttype", "pk": 14, "fields": {"app_label": "payment", "model": "order"}}, {"model": "sessions.session", "pk": "00besl18byx195orxyjp7bl7js0nfjow", "fields": {"session_data": ".eJxVjEEOgyAQRe8y64Yo0AFddt8zEGCGam0gEV00xru3Jm7c_vfe36ByrWPJbuIv9Bto6NV-A-fXZXBr5dmNBD20cNmCjxPnA9Db51cRseRlHoM4FHHSKp6F-PM43cvB4Ovwr00nldQp6NAmRk1IhpJElVRoJRq2hIyxQbaGO4xIwXifmmDuNnbaKth_FrE_Vg:1tVpkj:cx8Wvx4UdeUr6mPBqv2vlO3nhspC4SyCc-wih4zEUZs", "expire_date": "2025-01-23T10:27:01.409Z"}}, {"model": "sessions.session", "pk": "0jmbqbrqewf0spz1vm07w60fn4j0n4m4", "fields": {"session_data": "eyJzZXNzaW9uX2tleSI6eyIyIjozLCIzIjo0fX0:1tRQ0M:xDhAx0LAzzx3HEKvsC4L9-lg458RcY-WTJZfKFrGiDI", "expire_date": "2025-01-11T06:08:54.347Z"}}, {"model": "sessions.session", "pk": "1os33itp806zc13k54ciog70o1xvkn6e", "fields": {"session_data": ".eJxVjEEOgyAQRe_CuiEKdECX3fcMhGGGam0gEV00xru3Jm7c_vfe30TlWseS_cRf0W_7TfiwLoNfK89-JNGLVlw2DHHifAB6h_wqMpa8zCPKQ5EnrfJZiD-P070cDKEO_9p2SiuT0GCbGAwBWUoKdNLYKrDsCBhiA-wsdxCB0IaQGrR3FzvjtNh_W5o-cQ:1uNWDV:1AB4aUMJN-wc8fisna6ZbeF9S-yEefNM699wVp6J3dU", "expire_date": "2025-06-20T12:30:37.943Z"}}, {"model": "sessions.session", "pk": "2itl8g33ab019aqksq6djsbynb0tg7hb", "fields": {"session_data": "eyJzZXNzaW9uX2tleSI6eyIxIjo0LCIyIjo0LCIzIjozfX0:1tRPAl:43fyQ63IYsRk5HpxkW-FG6bdaYnW99UZxupifQ-eXVQ", "expire_date": "2025-01-11T05:15:35.705Z"}}, {"model": "sessions.session", "pk": "5m3j2zukjvdsct9jrv7w2l9lejp4bcrp", "fields": {"session_data": "eyJzZXNzaW9uX2tleSI6eyIxIjozLCIzIjo1LCI0Ijo0LCI2IjozLCI1IjozfX0:1tRPaZ:O_rgthZGji_QnS5Ph_pmYwV5TlVK9aS6GSuanAFD_Aw", "expire_date": "2025-01-11T05:42:15.725Z"}}, {"model": "sessions.session", "pk": "6wej54fg5uy8d4ej3tq2tv29a25cpfve", "fields": {"session_data": "eyJzZXNzaW9uX2tleSI6eyIxIjozLCIyIjo1fX0:1tRYRR:eKVt1rBbgurAjTIRwpn1xfOWFfy4DEjp6hmkBy4QhVo", "expire_date": "2025-01-11T15:09:25.401Z"}}, {"model": "sessions.session", "pk": "7f1na91l3q1bwu6dt9mxuvubnm9jl92f", "fields": {"session_data": "eyJzZXNzaW9uX2tleSI6eyIzIjoyLCI2Ijo0fX0:1tROvM:zcOhWMaVJYPYE2uyX2T24Ahle1sQwzk6PAnCgteh81g", "expire_date": "2025-01-11T04:59:40.877Z"}}, {"model": "sessions.session", "pk": "8c44l2eb6o1hagxgpg1gborl77w25v4o", "fields": {"session_data": ".eJxVjEEOgyAQRe_CuiEKdECX3fcMhGGGam0gEV00xru3Jm7c_vfe30TlWseS_cRf0W_7TfiwLoNfK89-JNGLVlw2DHHifAB6h_wqMpa8zCPKQ5EnrfJZiD-P070cDKEO_9p2SiuT0GCbGAwBWUoKdNLYKrDsCBhiA-wsdxCB0IaQGrR3FzvjtNh_W5o-cQ:1uNVzL:XE393JJmorfeu5ujhcYviKCwppLXxKPkebRYG17cJRs", "expire_date": "2025-06-20T12:15:59.288Z"}}, {"model": "sessions.session", "pk": "9asv2axwr5z1ac1b013jxyrqm5qa9okh", "fields": {"session_data": ".eJyrVipOLS7OzM-Lz06tVLKqVjICEQVFmcmpSlZKFpaWepaWSrU6SsbIwqYwUTNkUWNTsGhtLQA7BxhP:1tROYu:U5ED1NtZcjVQ9m_JSkiy61witks5UvIQ8QH-4cVPNoI", "expire_date": "2025-01-11T04:36:28.710Z"}}, {"model": "sessions.session", "pk": "bvcuwqneu0ffstiulwt11nrxu7escrls", "fields": {"session_data": "eyJzZXNzaW9uX2tleSI6eyIzIjozLCIyIjozLCI0Ijo1fX0:1tRXjl:zLLGpMfh5mqYWWJKbA5Y66ESyR4FmNkgaAE6RpU_obc", "expire_date": "2025-01-11T14:24:17.805Z"}}, {"model": "sessions.session", "pk": "fd5lpnb8yhz79lnqhvxwe4vsuvi99i6b", "fields": {"session_data": ".eJxtkV1PwjAUhv-K2bUh7KsbXgkJYiSYqDfGm-W0PWNlW4ttJwLhv3ummIzoXXOep-_bj2NQQOeronNoCyWDmyAMroczDqJG3QO5Ab02I2G0t4qPemV0pm60MhKb2dm9CKjAVbQ7m0RxlJQ84WGJLJFMZrKMWFzGPIxYhrlkyMSYYZ7hhAkmeQZQjnmW5mKS5DGFtvvCVWq7VXod3BwD4WzZKikb3IFFb6iaevaGp59ZKt3dbJq-56sVS3T3liBuloePuUyfdsvnx009ebVGPDzVzy8Vb9PPx30dH5wRcks9vyVF2TVNoaFFyl2ohqP1V1Ptd2ooYQuqIQF6sP6xwihO0tt1T-i92qEOUlp0LqQdc7C--odFxO4RPug-AyiU3xOYCmFhOHce_PcBLdLCXv0RDmor6HdIuYgzHf1jn7ioQENwIkbdyuiiRhofT6cvLFe6pA:1tTOEL:NqxJU61MwOHDbC46ZhEnS5tJdK06QcALq8bjE845lMo", "expire_date": "2025-01-16T16:39:29.760Z"}}, {"model": "sessions.session", "pk": "jglljk2ojwzkvvjw0ersygl3byh6jk58", "fields": {"session_data": "eyJzZXNzaW9uX2tleSI6e319:1tSG3v:IdIDifQ4aCndsGXsgsGTfElSsCllS8wyBN8BJlmCRqQ", "expire_date": "2025-01-13T13:44:03.760Z"}}, {"model": "sessions.session", "pk": "jm766zdsvrj6zgxwbvlgfj32ajo0vx64", "fields": {"session_data": ".eJxVjEEOgjAQRe_StWlstYWydO8ZmpnOjCCmTSgsDOHuSsKG7X_v_VVVrnUoOY78Vd26XVSEZe7jUnmKA6lOGXXaENLIeQf0hvwqOpU8TwPqXdEHrfpZiD-Pwz0d9FD7f92Cd2yxuRturaBzIYDz3jY3DnRNVpzYG4MXQgpOjFCChAETCVrDRm0_Yvk_eQ:1ucev8:rSyc0piLAaEZPxNK1-dRiQFVozxJEe7He7inET2FNQQ", "expire_date": "2025-08-01T06:50:14.390Z"}}, {"model": "sessions.session", "pk": "km6hniul808nf5z8q9rss1cga1le7mk7", "fields": {"session_data": ".eJyrVipOLS7OzM-Lz06tVLKqVjIDEQVFmcmpSlZKxqZ6lpZKtTpKRsiiFpaWYOHaWgBrHhKX:1tROdi:w7nZTz3z8mo9xAgmsJVQb3wa6WFS_kvV1yimAz4uvvc", "expire_date": "2025-01-11T04:41:26.273Z"}}, {"model": "sessions.session", "pk": "opu114w3z11zzn9mc7kgg2r5veya006l", "fields": {"session_data": "eyJzZXNzaW9uX2tleSI6eyIxIjoyfX0:1tRPbr:RFQ_av6jNU6jKPfgraDmVXewRHd2SmZXzyntotGzam4", "expire_date": "2025-01-11T05:43:35.073Z"}}, {"model": "sessions.session", "pk": "oydijwghot09set3550am3e7wyy33nmm", "fields": {"session_data": "eyJzZXNzaW9uX2tleSI6e319:1tSCXc:aYegGLCRZbXgPXwGRv3-Jz7VZFRRUEojJokK4O-h2IQ", "expire_date": "2025-01-13T09:58:28.008Z"}}, {"model": "sessions.session", "pk": "qw2c5poxexlp5ydc6aswgfo9imr3v8ia", "fields": {"session_data": "eyJzZXNzaW9uX2tleSI6eyIxIjoyLCIzIjoyfX0:1tRYUf:FAmZCR2Dh2M4bx9devDG7EeziD9ZuQqJSVAC23RTcjs", "expire_date": "2025-01-11T15:12:45.493Z"}}, {"model": "sessions.session", "pk": "v7s3g7oxm9urry3t46vkpah8jl8p8e8r", "fields": {"session_data": "eyJzZXNzaW9uX2tleSI6e319:1tSaXt:xQo_koVnC0ISbTOlU4EiXLF-Ma1m5VKbwWcPaHRJmn4", "expire_date": "2025-01-14T11:36:21.961Z"}}, {"model": "sessions.session", "pk": "wwnkrgh3pfk5peimolbr7644yvpomefx", "fields": {"session_data": ".eJxVjEEOgyAQRe_CuiEKdECX3fcMhGGGam0gEV00xru3Jm7c_vfe30TlWseS_cRf0W_7TfiwLoNfK89-JNGLVlw2DHHifAB6h_wqMpa8zCPKQ5EnrfJZiD-P070cDKEO_9p2SiuT0GCbGAwBWUoKdNLYKrDsCBhiA-wsdxCB0IaQGrR3FzvjtNh_W5o-cQ:1uSo8j:0eVY5O1w2hYtnU4oGi7ACqJ6e6pQFC9mfCXsalmKUHY", "expire_date": "2025-07-05T02:39:33.576Z"}}, {"model": "sessions.session", "pk": "xisxzfyu225z2yad9cda7nvji61dtbyh", "fields": {"session_data": ".eJxVzjEOgzAMBdC7ZEZRQhNid-zeM6AQm0KpoCIwVIi7N0ioShcPz99f3kTt16Wr18hz3ZO4Ci2K3BofBh6PBT39-JhkmMZl7ht5ROS5jfI-Eb9uZ_avoPOxS9fGUOu5IutAE0FArZVrCLR2ASxaQOvLkhQY13jF0F6cMl4DWMcGuU2lkWPsp7Ee-COuW3o0jffcB071iCgRxV6IMmf4scm5glOrXC_2VJurkkqJfd-_PotaPw:1tROBC:CZZE25sDt2VvZfziAyWgKNEloGXf8nzaA8nhrl-JN2M", "expire_date": "2025-01-11T04:11:58.370Z"}}, {"model": "store.profile", "pk": 3, "fields": {"user": 1, "date_modified": "2025-05-21T15:17:46.022Z", "phone": "0504797177", "address1": "Outer Ring Road", "address2": "Earth", "city": "Accra", "state": "Greater Accra", "zipcode": "0233", "country": "Ghana", "old_cart": ""}}, {"model": "store.profile", "pk": 5, "fields": {"user": 9, "date_modified": "2024-12-30T11:30:14.916Z", "phone": "0123456789", "address1": "Heaven", "address2": "Earth", "city": "Kingdom", "state": "Paradise", "zipcode": "123", "country": "Worldwide", "old_cart": null}}, {"model": "store.profile", "pk": 8, "fields": {"user": 12, "date_modified": "2024-12-31T17:10:52.850Z", "phone": "", "address1": "", "address2": "", "city": "", "state": "", "zipcode": "", "country": "", "old_cart": null}}, {"model": "store.profile", "pk": 9, "fields": {"user": 13, "date_modified": "2024-12-31T17:13:48.643Z", "phone": "", "address1": "", "address2": "", "city": "", "state": "", "zipcode": "", "country": "", "old_cart": null}}, {"model": "store.category", "pk": 2, "fields": {"name": "Programming Books"}}, {"model": "store.category", "pk": 3, "fields": {"name": "Marketing Books"}}, {"model": "store.category", "pk": 4, "fields": {"name": "Electronico Devices."}}, {"model": "store.category", "pk": 10, "fields": {"name": "Sneakers"}}, {"model": "store.category", "pk": 11, "fields": {"name": "Outfits for you. WAH-WAH"}}, {"model": "store.category", "pk": 12, "fields": {"name": "Toys Store"}}, {"model": "store.category", "pk": 13, "fields": {"name": "Watches"}}, {"model": "store.category", "pk": 14, "fields": {"name": "Home Appliances"}}, {"model": "store.product", "pk": 3, "fields": {"name": "Love Audrey", "price": "59.99", "category": 3, "description": "This is a good book", "image": "uploads/product/love_audrey.jpg", "is_sale": false, "sale_price": "0.00"}}, {"model": "store.product", "pk": 4, "fields": {"name": "Indigo", "price": "68.99", "category": 2, "description": "This is a sweet book to read", "image": "uploads/product/indigo.jpg", "is_sale": false, "sale_price": "0.00"}}, {"model": "store.product", "pk": 5, "fields": {"name": "Love Letter Life", "price": "0.00", "category": 2, "description": "Book about love letter life", "image": "uploads/product/love_letter_life.jpg", "is_sale": false, "sale_price": "0.00"}}, {"model": "store.product", "pk": 6, "fields": {"name": "The book of love letter", "price": "35.99", "category": 3, "description": "Learning Python has never been this fast and easy, or fun! Veteran Codemy.com programmer John Elder walks you step by step through the ins and outs of Python Programming. Written for the absolute beginner, you don't need any programming experience to", "image": "uploads/product/The_book_of_love_letter.jpg", "is_sale": true, "sale_price": "6.99"}}, {"model": "store.product", "pk": 7, "fields": {"name": "iPhone 15 Pro", "price": "1705.99", "category": 4, "description": "Capacity : 256 GB || BH : 89 || AVAILABLE NOW!!!", "image": "uploads/product/IMG-20241227-WA0017.jpg", "is_sale": true, "sale_price": "1650.99"}}, {"model": "store.product", "pk": 8, "fields": {"name": "iPhone 14 Pro Max", "price": "17500.00", "category": 4, "description": "Capacity : 256 GB || BH : 90 || AVAILABLE NOW!!!", "image": "uploads/product/IMG-20241227-WA0020.jpg", "is_sale": true, "sale_price": "16900.00"}}, {"model": "store.product", "pk": 9, "fields": {"name": "Sony PlayStation 5 (PS5) Console", "price": "730.99", "category": 4, "description": "The PS5 redefines the gaming experience, opening the door to possibilities you never imagined. With its ultra-fast SSD, enjoy near-instant loading times that keep you immersed in the action. Feel every moment like never before with haptic feedback, adaptive triggers, and 3D Audio, bringing a new level of sensory depth. Plus, dive into a next-generation library of extraordinary PlayStation games that push the boundaries of what's possible.", "image": "uploads/product/photo_2024-08-14_14-25-04.jpg", "is_sale": true, "sale_price": "710.99"}}, {"model": "store.product", "pk": 10, "fields": {"name": "MacBook Pro", "price": "0.00", "category": 4, "description": "Year : 2019 ||  i9 ||  Ram : 32 GB ||  Capacity : 512 GB || CERTIFIED PREOWNED || AVAILABLE NOW !!!", "image": "uploads/product/photo_2024-08-14_14-25-23.jpg", "is_sale": false, "sale_price": "0.00"}}, {"model": "store.product", "pk": 11, "fields": {"name": "SONY XM5 HEADSET", "price": "270.99", "category": 2, "description": "A premium wireless noise-canceling headphone known for its exceptional sound quality and industry-leading noise cancellation. It features a sleek, over-ear design with plush earcups and an adjustable headband for comfort. Key features include two processors and eight microphones for advanced noise cancellation, precise voice pickup technology for clear calls, and intuitive touch controls. The headphones also boast long battery life, quick charging capabilities, and seamless integration with voice assistants", "image": "uploads/product/photo_2025-06-21_02-52-03.jpg", "is_sale": false, "sale_price": "0.00"}}, {"model": "store.product", "pk": 12, "fields": {"name": "Galaxy Tab S9 Ultra", "price": "1800.00", "category": 2, "description": "***Samsung Galaxy Tab S9 Ultra 5G X916 14.6\" 512GB 13MP SD8Gen2 11200mAh Tablet By FedEx***  FACTORY UNLOCKED WIFI +5G TABLET    Free Fed-ex Shipping to USA,Canada,,,Australia,Japan, Ghana !  New & Unlocked Phone***", "image": "uploads/product/photo_2025-06-21_03-05-30.jpg", "is_sale": true, "sale_price": "1750.00"}}, {"model": "payment.shippingaddress", "pk": 1, "fields": {"user": 1, "shipping_full_name": "Gilbert Antwi", "shipping_email": "antwigilbert12345@gmail.com", "shipping_address1": "Earth", "shipping_address2": "Heaven", "shipping_city": "Accra", "shipping_state": "Greater Accra", "shipping_zipcode": "+233", "shipping_country": "Ghana"}}, {"model": "payment.shippingaddress", "pk": 2, "fields": {"user": 12, "shipping_full_name": "", "shipping_email": "", "shipping_address1": "", "shipping_address2": null, "shipping_city": "", "shipping_state": null, "shipping_zipcode": null, "shipping_country": ""}}, {"model": "payment.shippingaddress", "pk": 3, "fields": {"user": 13, "shipping_full_name": "", "shipping_email": "", "shipping_address1": "", "shipping_address2": null, "shipping_city": "", "shipping_state": null, "shipping_zipcode": null, "shipping_country": ""}}, {"model": "payment.order", "pk": 1, "fields": {"user": 1, "full_name": "Gilbert Antwi", "email": "antwigilbert12345@gmail.com", "shipping_address": "Outer Ring Road\r\nLatebiokorshie\r\nAM917", "amount_paid": "42.99", "date_ordered": "2024-12-31T00:00:00Z", "shipped": true, "date_shipped": "2025-01-02T16:24:15.520Z"}}, {"model": "payment.order", "pk": 2, "fields": {"user": 1, "full_name": "Gilbert Antwi", "email": "antwigilbert12345@gmail.com", "shipping_address": "Earth\nHeaven\nAccra\nGreater Accra\n\\Ghana", "amount_paid": "158.95", "date_ordered": "2025-01-01T00:00:00Z", "shipped": true, "date_shipped": "2025-01-09T10:27:25.101Z"}}, {"model": "payment.order", "pk": 3, "fields": {"user": null, "full_name": "Sis Juliet", "email": "juliet@gmail.com", "shipping_address": "Legon\nLegon\nAccra\nGreater Accra\n0233\\Ghana", "amount_paid": "59.99", "date_ordered": "2025-01-02T00:00:00Z", "shipped": false, "date_shipped": null}}, {"model": "payment.order", "pk": 4, "fields": {"user": 1, "full_name": "Gilbert Antwi", "email": "antwigilbert12345@gmail.com", "shipping_address": "Earth\nHeaven\nAccra\nGreater Accra\n\\Ghana", "amount_paid": "66.98", "date_ordered": "2025-01-02T00:00:00Z", "shipped": false, "date_shipped": null}}, {"model": "payment.order", "pk": 5, "fields": {"user": 1, "full_name": "Gilbert Antwi", "email": "antwigilbert12345@gmail.com", "shipping_address": "Earth\nHeaven\nAccra\nGreater Accra\n\\Ghana", "amount_paid": "126.97", "date_ordered": "2025-01-02T00:00:00Z", "shipped": false, "date_shipped": null}}, {"model": "payment.order", "pk": 6, "fields": {"user": null, "full_name": "Star Boy", "email": "star@gmail.com", "shipping_address": "Dansoman\r\nDansoman\r\nAccra\r\nGreater Accra\r\n0233\\Ghana", "amount_paid": "6.99", "date_ordered": "2025-01-02T00:00:00Z", "shipped": true, "date_shipped": "2025-01-02T13:40:40.665Z"}}, {"model": "payment.order", "pk": 7, "fields": {"user": 1, "full_name": "Gilbert Antwi", "email": "antwigilbert12345@gmail.com", "shipping_address": "Earth\r\nHeaven\r\nAccra\r\nGreater Accra\r\n\\Ghana", "amount_paid": "135.97", "date_ordered": "2025-01-02T00:00:00Z", "shipped": true, "date_shipped": "2025-01-02T13:42:47.852Z"}}, {"model": "payment.order", "pk": 8, "fields": {"user": 1, "full_name": "Gilbert Antwi", "email": "antwigilbert12345@gmail.com", "shipping_address": "Earth\nHeaven\nAccra\nGreater Accra\n\\Ghana", "amount_paid": "135.97", "date_ordered": "2025-01-02T16:27:14.451Z", "shipped": false, "date_shipped": null}}, {"model": "payment.order", "pk": 9, "fields": {"user": 1, "full_name": "Gilbert Antwi", "email": "antwigilbert12345@gmail.com", "shipping_address": "Earth\nHeaven\nAccra\nGreater Accra\n\\Ghana", "amount_paid": "135.97", "date_ordered": "2025-01-02T16:39:27.789Z", "shipped": false, "date_shipped": null}}, {"model": "payment.order", "pk": 10, "fields": {"user": 1, "full_name": "Gilbert Antwi", "email": "antwigilbert12345@gmail.com", "shipping_address": "Earth\nHeaven\nAccra\nGreater Accra\n+233\\Ghana", "amount_paid": "85555.94", "date_ordered": "2025-05-24T09:15:41.190Z", "shipped": false, "date_shipped": null}}, {"model": "payment.orderitem", "pk": 1, "fields": {"order": 1, "product": 3, "user": 1, "quantity": 2, "price": "19.99"}}, {"model": "payment.orderitem", "pk": 2, "fields": {"order": 5, "product": 3, "user": 1, "quantity": 2, "price": "59.99"}}, {"model": "payment.orderitem", "pk": 3, "fields": {"order": 5, "product": 6, "user": 1, "quantity": 1, "price": "6.99"}}, {"model": "payment.orderitem", "pk": 4, "fields": {"order": 6, "product": 6, "user": null, "quantity": 1, "price": "6.99"}}, {"model": "payment.orderitem", "pk": 5, "fields": {"order": 7, "product": 3, "user": 1, "quantity": 1, "price": "59.99"}}, {"model": "payment.orderitem", "pk": 6, "fields": {"order": 7, "product": 4, "user": 1, "quantity": 1, "price": "68.99"}}, {"model": "payment.orderitem", "pk": 7, "fields": {"order": 7, "product": 6, "user": 1, "quantity": 1, "price": "6.99"}}, {"model": "payment.orderitem", "pk": 8, "fields": {"order": 8, "product": 3, "user": 1, "quantity": 1, "price": "59.99"}}, {"model": "payment.orderitem", "pk": 9, "fields": {"order": 8, "product": 4, "user": 1, "quantity": 1, "price": "68.99"}}, {"model": "payment.orderitem", "pk": 10, "fields": {"order": 8, "product": 6, "user": 1, "quantity": 1, "price": "6.99"}}, {"model": "payment.orderitem", "pk": 11, "fields": {"order": 9, "product": 3, "user": 1, "quantity": 1, "price": "59.99"}}, {"model": "payment.orderitem", "pk": 12, "fields": {"order": 9, "product": 4, "user": 1, "quantity": 1, "price": "68.99"}}, {"model": "payment.orderitem", "pk": 13, "fields": {"order": 9, "product": 6, "user": 1, "quantity": 1, "price": "6.99"}}, {"model": "payment.orderitem", "pk": 14, "fields": {"order": 10, "product": 4, "user": 1, "quantity": 5, "price": "68.99"}}, {"model": "payment.orderitem", "pk": 15, "fields": {"order": 10, "product": 8, "user": 1, "quantity": 5, "price": "16900.00"}}, {"model": "payment.orderitem", "pk": 16, "fields": {"order": 10, "product": 9, "user": 1, "quantity": 1, "price": "710.99"}}]